{
    "interactionModel": {
        "languageModel": {
            "invocationName": "anthem",
            "intents": [
                {
                    "name": "AMAZON.CancelIntent",
                    "samples": [
                        "cancel it "
                    ]
                },
                {
                    "name": "AMAZON.HelpIntent",
                    "samples": [
                        "help",
                        "help me"
                    ]
                },
                {
                    "name": "AMAZON.StopIntent",
                    "samples": [
                        "close ",
                        "goodbye",
                        "stop it",
                        "stop"
                    ]
                },
                {
                    "name": "CoPay",
                    "slots": [
                        {
                            "name": "onVisit",
                            "type": "onVisit"
                        }
                    ],
                    "samples": [
                        "what is my copay for {onVisit}",
                        "i need to know my  {onVisit} copay",
                        "i need to know my copay",
                        "what is my copay",
                        "about  my {onVisit} copay",
                        "the copay",
                        "my copay ",
                        "copay",
                        " {onVisit} copay",
                        " copay for {onVisit}"
                    ]
                },
                {
                    "name": "due",
                    "slots": [
                        {
                            "name": "dueType",
                            "type": "dueType"
                        },
                        {
                            "name": "dueDate",
                            "type": "AMAZON.DATE"
                        }
                    ],
                    "samples": [
                        "balance due",
                        "due balance",
                        "my due balance {dueType}",
                        "my balance due {dueDate}",
                        "what was my balance due",
                        "balance due for {dueType} on  {dueDate}"
                    ]
                },
                {
                    "name": "deductible",
                    "slots": [
                        {
                            "name": "userRequest",
                            "type": "userRequest"
                        }
                    ],
                    "samples": [
                        "deductible",
                        "my deductible"
                    ]
                },
                {
                    "name": "Claim",
                    "slots": [
                        {
                            "name": "providerName",
                            "type": "providerName"
                        },
                        {
                            "name": "ClaimDate",
                            "type": "AMAZON.DATE"
                        }
                    ],
                    "samples": [
                        "status of the claim",
                        "claims",
                        "claim",
                        "my claim status by {providerName}",
                        "{ClaimDate} claim status ",
                        "claim status {ClaimDate} {providerName}",
                        "what is my Claim  status on {ClaimDate} by {providerName}",
                        "what is my claim status",
                        "get my claim status",
                        "claim status ",
                        "I need to know the status of my Claim on {ClaimDate} by {providerName}"
                    ]
                }
            ],
            "types": [
                {
                    "name": "onVisit",
                    "values": [
                        {
                            "name": {
                                "value": "emergency room",
                                "synonyms": [
                                    "emergency "
                                ]
                            }
                        },
                        {
                            "name": {
                                "value": "{onVisit}"
                            }
                        },
                        {
                            "name": {
                                "value": "laboratory visit",
                                "synonyms": [
                                    "lab",
                                    "laboratory "
                                ]
                            }
                        },
                        {
                            "name": {
                                "value": "general physician visit",
                                "synonyms": [
                                    "general physician"
                                ]
                            }
                        },
                        {
                            "name": {
                                "value": "super specialist visit",
                                "synonyms": [
                                    "super specialist"
                                ]
                            }
                        },
                        {
                            "name": {
                                "value": "specialist visit",
                                "synonyms": [
                                    "specialist"
                                ]
                            }
                        },
                        {
                            "name": {
                                "value": "Office visit ",
                                "synonyms": [
                                    "Office"
                                ]
                            }
                        }
                    ]
                },
                {
                    "name": "dueType",
                    "values": [
                        {
                            "name": {
                                "value": "urine"
                            }
                        },
                        {
                            "name": {
                                "value": "blood"
                            }
                        },
                        {
                            "name": {
                                "value": " diagnostic surgery"
                            }
                        },
                        {
                            "name": {
                                "value": "surgery"
                            }
                        },
                        {
                            "name": {
                                "value": " checkup"
                            }
                        },
                        {
                            "name": {
                                "value": "regular"
                            }
                        }
                    ]
                },
                {
                    "name": "userRequest",
                    "values": [
                        {
                            "name": {
                                "value": "remaining"
                            }
                        },
                        {
                            "name": {
                                "value": "visit"
                            }
                        }
                    ]
                },
                {
                    "name": "providerName",
                    "values": [
                        {
                            "name": {
                                "value": "roshini"
                            }
                        },
                        {
                            "name": {
                                "value": "priya"
                            }
                        },
                        {
                            "name": {
                                "value": "deepali"
                            }
                        },
                        {
                            "name": {
                                "value": "gaurav"
                            }
                        },
                        {
                            "name": {
                                "value": "arul"
                            }
                        }
                    ]
                }
            ]
        },
        "dialog": {
            "intents": [
                {
                    "name": "CoPay",
                    "confirmationRequired": false,
                    "prompts": {},
                    "slots": [
                        {
                            "name": "onVisit",
                            "type": "onVisit",
                            "confirmationRequired": false,
                            "elicitationRequired": false,
                            "prompts": {}
                        }
                    ]
                },
                {
                    "name": "due",
                    "confirmationRequired": false,
                    "prompts": {},
                    "slots": [
                        {
                            "name": "dueType",
                            "type": "dueType",
                            "confirmationRequired": false,
                            "elicitationRequired": true,
                            "prompts": {
                                "elicitation": "Elicit.Slot.462978735357.1396440859360"
                            }
                        },
                        {
                            "name": "dueDate",
                            "type": "AMAZON.DATE",
                            "confirmationRequired": false,
                            "elicitationRequired": true,
                            "prompts": {
                                "elicitation": "Elicit.Slot.462978735357.1511973614235"
                            }
                        }
                    ]
                },
                {
                    "name": "deductible",
                    "confirmationRequired": false,
                    "prompts": {},
                    "slots": [
                        {
                            "name": "userRequest",
                            "type": "userRequest",
                            "confirmationRequired": false,
                            "elicitationRequired": true,
                            "prompts": {
                                "elicitation": "Elicit.Slot.211374800130.387356870391"
                            }
                        }
                    ]
                },
                {
                    "name": "Claim",
                    "confirmationRequired": false,
                    "prompts": {},
                    "slots": [
                        {
                            "name": "providerName",
                            "type": "providerName",
                            "confirmationRequired": false,
                            "elicitationRequired": true,
                            "prompts": {
                                "elicitation": "Elicit.Slot.815046797455.395571457173"
                            }
                        },
                        {
                            "name": "ClaimDate",
                            "type": "AMAZON.DATE",
                            "confirmationRequired": false,
                            "elicitationRequired": true,
                            "prompts": {
                                "elicitation": "Elicit.Slot.815046797455.99533829730"
                            }
                        }
                    ]
                }
            ]
        },
        "prompts": [
            {
                "id": "Elicit.Slot.846928723183.722942966339",
                "variations": [
                    {
                        "type": "PlainText",
                        "value": "Can you please confirm if you want to know your co-pay for regular doctor office visit or specialist visit or super specialist or laboratory visit?"
                    }
                ]
            },
            {
                "id": "Confirm.Slot.43019822616.1077052925650",
                "variations": [
                    {
                        "type": "PlainText",
                        "value": " Is there anything else I can help you with?"
                    },
                    {
                        "type": "PlainText",
                        "value": "Can i help you more?"
                    }
                ]
            },
            {
                "id": "Confirm.Intent.220854091144",
                "variations": [
                    {
                        "type": "PlainText",
                        "value": "Is the patient already hospitalized?"
                    }
                ]
            },
            {
                "id": "Elicit.Slot.462978735357.1396440859360",
                "variations": [
                    {
                        "type": "PlainText",
                        "value": "please provide your due type"
                    }
                ]
            },
            {
                "id": "Elicit.Slot.462978735357.1511973614235",
                "variations": [
                    {
                        "type": "PlainText",
                        "value": "can you know your due date"
                    }
                ]
            },
            {
                "id": "Elicit.Slot.211374800130.387356870391",
                "variations": [
                    {
                        "type": "PlainText",
                        "value": "Need your request like visit or remaining or balance"
                    }
                ]
            },
            {
                "id": "Elicit.Slot.815046797455.395571457173",
                "variations": [
                    {
                        "type": "PlainText",
                        "value": "Please share your provider name"
                    }
                ]
            },
            {
                "id": "Elicit.Slot.815046797455.99533829730",
                "variations": [
                    {
                        "type": "PlainText",
                        "value": "Say your claim date"
                    }
                ]
            },
            {
                "id": "Confirm.Intent.177153855931",
                "variations": [
                    {
                        "type": "PlainText",
                        "value": "confirm intent"
                    }
                ]
            }
        ]
    }
}