{
    "interactionModel": {
        "languageModel": {
            "invocationName": "health",
            "intents": [
                {
                    "name": "AMAZON.CancelIntent",
                    "samples": [
                        "thanks",
                        "Have a nice day",
                        "Goodbye",
                        "bye"
                    ]
                },
                {
                    "name": "AMAZON.HelpIntent",
                    "samples": [
                        "help"
                    ]
                },
                {
                    "name": "AMAZON.StopIntent",
                    "samples": [
                        "ok thank you",
                        "thank you"
                    ]
                },
                {
                    "name": "Welcome",
                    "slots": [
                        {
                            "name": "name",
                            "type": "AMAZON.US_FIRST_NAME"
                        }
                    ],
                    "samples": [
                        "myself {name} {name}",
                        "{name} {name}",
                        "it is {name} here",
                        "my name is {name}",
                        "i am {name}",
                        "{name}"
                    ]
                },
                {
                    "name": "BloodTest",
                    "slots": [],
                    "samples": [
                        "I had taken a blood test yesterday and the report shows high blood glucose level.",
                        "low blood glucose level",
                        "high blood glucose level"
                    ]
                },
                {
                    "name": "uneasy",
                    "slots": [],
                    "samples": [
                        "uneasy",
                        "I am feeling too uneasy"
                    ]
                },
                {
                    "name": "Symptoms",
                    "slots": [],
                    "samples": [
                        "thirsty",
                        "feeling exhausted",
                        "headache",
                        "feeling exhausted and thirsty",
                        "headache and feeling exhausted",
                        "I am having headache and feeling exhausted and thirsty.",
                        "headache and feeling exhausted and thirsty."
                    ]
                },
                {
                    "name": "Medication",
                    "slots": [
                        {
                            "name": "medicinename",
                            "type": "medicinename"
                        }
                    ],
                    "samples": [
                        "Seretide",
                        "{medicinename}",
                        "ADVAIR",
                        "i take {medicinename}",
                        "I did take ADVAIR yesterday at"
                    ]
                },
                {
                    "name": "physicianprescribed",
                    "slots": [
                        {
                            "name": "disease",
                            "type": "disease"
                        }
                    ],
                    "samples": [
                        "{disease}"
                    ]
                },
                {
                    "name": "NegativeResponce",
                    "slots": [],
                    "samples": [
                        "sad",
                        "unwell",
                        "bad",
                        "not good",
                        "not well"
                    ]
                },
                {
                    "name": "positive",
                    "slots": [],
                    "samples": [
                        "well",
                        "excellent",
                        "fine",
                        "good",
                        "great"
                    ]
                }
            ],
            "types": [
                {
                    "name": "userName",
                    "values": [
                        {
                            "name": {
                                "value": "gaurav"
                            }
                        },
                        {
                            "name": {
                                "value": "deepali"
                            }
                        },
                        {
                            "name": {
                                "value": "{userName}"
                            }
                        },
                        {
                            "name": {
                                "value": "nikita"
                            }
                        },
                        {
                            "name": {
                                "value": "arul"
                            }
                        }
                    ]
                },
                {
                    "name": "medicinename",
                    "values": [
                        {
                            "name": {
                                "value": "{medicinename}"
                            }
                        },
                        {
                            "name": {
                                "value": "ADVAIR "
                            }
                        }
                    ]
                },
                {
                    "name": "disease",
                    "values": [
                        {
                            "name": {
                                "value": "asthma"
                            }
                        },
                        {
                            "name": {
                                "value": "diabetes",
                                "synonyms": [
                                    "diabete"
                                ]
                            }
                        }
                    ]
                }
            ]
        }
    }
}