{
    "interactionModel": {
        "languageModel": {
            "invocationName": "drug checker",
            "intents": [
                {
                    "name": "AMAZON.CancelIntent",
                    "samples": []
                },
                {
                    "name": "AMAZON.HelpIntent",
                    "samples": []
                },
                {
                    "name": "AMAZON.StopIntent",
                    "samples": [
                        "ok",
                        "Go to sleep",
                        "Good bye",
                        "Bye"
                    ]
                },
                {
                    "name": "DrugInteractionCheck",
                    "slots": [
                        {
                            "name": "diabeticTablet",
                            "type": "DiabeticTablets",
                            "samples": [
                                "{diabeticTablet}"
                            ]
                        },
                        {
                            "name": "asthmaTablet",
                            "type": "AshtmaTablets",
                            "samples": [
                                "{asthmaTablet}"
                            ]
                        }
                    ],
                    "samples": [
                        "{diabeticTablet}",
                        "{asthmaTablet}",
                        "{asthmaTablet} with {diabeticTablet}",
                        "{diabeticTablet} with {asthmaTablet}",
                        "{asthmaTablet} and {diabeticTablet}",
                        "{diabeticTablet} and {asthmaTablet}",
                        "Can I use {asthmaTablet} with {diabeticTablet}",
                        "I had {diabeticTablet} and {asthmaTablet} Will there be any problem",
                        "Will there be any interaction between {diabeticTablet} and {asthmaTablet}",
                        "Is it advisable to use {diabeticTablet} with {asthmaTablet}",
                        "Will there be any problem if I have {asthmaTablet} with {diabeticTablet}",
                        "Can I use {diabeticTablet} with {asthmaTablet}"
                    ]
                },
                {
                    "name": "FeelingWell",
                    "slots": [],
                    "samples": [
                        "I'm fine thank you",
                        "I am fine thanks",
                        "I slept well thanks",
                        "well thank you",
                        "well thanks",
                        "good thanks",
                        "good thank you",
                        "I am alright",
                        "Alright",
                        "Good",
                        "Fine",
                        "I'm ok",
                        "I'm well",
                        "I'm good",
                        "I'm fine",
                        "I am good",
                        "I am fine",
                        "I am ok",
                        "Great",
                        "I am well",
                        "I am doing good. Thanks"
                    ]
                },
                {
                    "name": "NotFeelingWell",
                    "slots": [],
                    "samples": [
                        "Not really good",
                        "Bad",
                        "Not fine",
                        "I'm exhausted",
                        "I'm tired",
                        "I'm not good",
                        "I'm suffering",
                        "I'm unwell",
                        "I'm sick",
                        "I'm not feeling well",
                        "I am suffering",
                        "I am sick",
                        "I am unwell",
                        "I am feeling Bad",
                        "I am not feeling well",
                        "I am exhausted",
                        "I am tired",
                        "Not good"
                    ]
                },
                {
                    "name": "UserConsent",
                    "slots": [
                        {
                            "name": "consent",
                            "type": "Consent"
                        }
                    ],
                    "samples": [
                        "{consent}"
                    ]
                },
                {
                    "name": "Thankful",
                    "slots": [],
                    "samples": [
                        "Have a nice day",
                        "Thank you",
                        "Thanks"
                    ]
                }
            ],
            "types": [
                {
                    "name": "DiabeticTablets",
                    "values": [
                        {
                            "name": {
                                "value": "Aspirin"
                            }
                        },
                        {
                            "name": {
                                "value": "Januvia"
                            }
                        },
                        {
                            "name": {
                                "value": "Sitagliptin"
                            }
                        },
                        {
                            "name": {
                                "value": "Avandia",
                                "synonyms": [
                                    "hey vandia",
                                    "A vandia",
                                    "ahvan dia",
                                    "a van dia"
                                ]
                            }
                        },
                        {
                            "name": {
                                "value": "Prandin"
                            }
                        },
                        {
                            "name": {
                                "value": "Actos"
                            }
                        },
                        {
                            "name": {
                                "value": "Glyset"
                            }
                        },
                        {
                            "name": {
                                "value": "Lispro"
                            }
                        },
                        {
                            "name": {
                                "value": "Humalog",
                                "synonyms": [
                                    "hew ma log",
                                    "hooma log"
                                ]
                            }
                        },
                        {
                            "name": {
                                "value": "Novolin",
                                "synonyms": [
                                    "nah vah lin",
                                    "nah volin",
                                    "novolynn",
                                    "no vo lynn",
                                    "no vo lin"
                                ]
                            }
                        },
                        {
                            "name": {
                                "value": "Humulin",
                                "synonyms": [
                                    "hew moolin",
                                    "Hume yewlin"
                                ]
                            }
                        },
                        {
                            "name": {
                                "value": "Toujeo"
                            }
                        },
                        {
                            "name": {
                                "value": "Basaglar"
                            }
                        },
                        {
                            "name": {
                                "value": "Lantus",
                                "synonyms": [
                                    "lantis"
                                ]
                            }
                        },
                        {
                            "name": {
                                "value": "Tresiba"
                            }
                        },
                        {
                            "name": {
                                "value": "Novolog",
                                "synonyms": [
                                    "no vilog",
                                    "no vo log",
                                    "nah volog"
                                ]
                            }
                        },
                        {
                            "name": {
                                "value": "Glucovance"
                            }
                        },
                        {
                            "name": {
                                "value": "Glynase",
                                "synonyms": [
                                    "glin nase",
                                    "glie nase"
                                ]
                            }
                        },
                        {
                            "name": {
                                "value": "Diabeta",
                                "synonyms": [
                                    "dee a bey tah",
                                    "dee ah beta",
                                    "dye a betta"
                                ]
                            }
                        },
                        {
                            "name": {
                                "value": "Amaryl"
                            }
                        },
                        {
                            "name": {
                                "value": "Byetta",
                                "synonyms": [
                                    "bee etta",
                                    "bye etta"
                                ]
                            }
                        },
                        {
                            "name": {
                                "value": "Canagliflozin"
                            }
                        },
                        {
                            "name": {
                                "value": "Metformin",
                                "synonyms": [
                                    "met form in",
                                    "meformin"
                                ]
                            }
                        }
                    ]
                },
                {
                    "name": "AshtmaTablets",
                    "values": [
                        {
                            "name": {
                                "value": "Lisinopril"
                            }
                        },
                        {
                            "name": {
                                "value": "Albuterol"
                            }
                        },
                        {
                            "name": {
                                "value": "Disopyramide"
                            }
                        },
                        {
                            "name": {
                                "value": "Atrovent"
                            }
                        },
                        {
                            "name": {
                                "value": "Xopenex"
                            }
                        },
                        {
                            "name": {
                                "value": "Ventolin"
                            }
                        },
                        {
                            "name": {
                                "value": "ProAir"
                            }
                        },
                        {
                            "name": {
                                "value": "Breo"
                            }
                        },
                        {
                            "name": {
                                "value": "Dulera"
                            }
                        },
                        {
                            "name": {
                                "value": "Symbicort"
                            }
                        },
                        {
                            "name": {
                                "value": "Advair"
                            }
                        },
                        {
                            "name": {
                                "value": "Foradil"
                            }
                        },
                        {
                            "name": {
                                "value": "Seredent"
                            }
                        },
                        {
                            "name": {
                                "value": "Zyflo"
                            }
                        },
                        {
                            "name": {
                                "value": "Accolate"
                            }
                        },
                        {
                            "name": {
                                "value": "Singulair"
                            }
                        },
                        {
                            "name": {
                                "value": "Aerospan"
                            }
                        },
                        {
                            "name": {
                                "value": "Alvesco"
                            }
                        },
                        {
                            "name": {
                                "value": "Qvar"
                            }
                        },
                        {
                            "name": {
                                "value": "Asmanex"
                            }
                        },
                        {
                            "name": {
                                "value": "twisthaler"
                            }
                        },
                        {
                            "name": {
                                "value": "Pulmicort"
                            }
                        },
                        {
                            "name": {
                                "value": "Flovent"
                            }
                        }
                    ]
                },
                {
                    "name": "Consent",
                    "values": [
                        {
                            "name": {
                                "value": "No",
                                "synonyms": [
                                    "Not at all",
                                    "Nope",
                                    "Nah"
                                ]
                            }
                        },
                        {
                            "name": {
                                "value": "Yes",
                                "synonyms": [
                                    "Yes fine",
                                    "Yeah fine",
                                    "Yes ok",
                                    "Yeah ok",
                                    "Fine",
                                    "Yea",
                                    "Yay",
                                    "ok",
                                    "Go ahead",
                                    "Love it",
                                    "Sure",
                                    "Of course",
                                    "Sure",
                                    "Yep",
                                    "Yeah"
                                ]
                            }
                        }
                    ]
                }
            ]
        },
        "dialog": {
            "intents": [
                {
                    "name": "DrugInteractionCheck",
                    "confirmationRequired": false,
                    "prompts": {},
                    "slots": [
                        {
                            "name": "diabeticTablet",
                            "type": "DiabeticTablets",
                            "confirmationRequired": false,
                            "elicitationRequired": true,
                            "prompts": {
                                "elicitation": "Elicit.Slot.944913487046.736045945926"
                            }
                        },
                        {
                            "name": "asthmaTablet",
                            "type": "AshtmaTablets",
                            "confirmationRequired": false,
                            "elicitationRequired": true,
                            "prompts": {
                                "elicitation": "Elicit.Slot.1228316297424.613430354077"
                            }
                        }
                    ]
                }
            ]
        },
        "prompts": [
            {
                "id": "Elicit.Slot.944913487046.736045945926",
                "variations": [
                    {
                        "type": "PlainText",
                        "value": "Which medicine do you use for Diabetes?"
                    }
                ]
            },
            {
                "id": "Elicit.Slot.944913487046.77684437597",
                "variations": [
                    {
                        "type": "PlainText",
                        "value": "Which tablet do you use for Asthma"
                    }
                ]
            },
            {
                "id": "Confirm.Intent.802817187707",
                "variations": [
                    {
                        "type": "PlainText",
                        "value": "Did you say {diabeticTablet} ?"
                    }
                ]
            },
            {
                "id": "Elicit.Slot.1228316297424.613430354077",
                "variations": [
                    {
                        "type": "PlainText",
                        "value": "Which medicine do you use for Asthma?"
                    }
                ]
            }
        ]
    }
}