{
    "interactionModel": {
        "languageModel": {
            "invocationName": "newton",
            "intents": [
                {
                    "name": "AMAZON.CancelIntent",
                    "samples": []
                },
                {
                    "name": "AMAZON.HelpIntent",
                    "samples": []
                },
                {
                    "name": "AMAZON.SearchAction<object@WeatherForecast>",
                    "samples": []
                },
                {
                    "name": "AMAZON.SearchAction<object@WeatherForecast[temperature]>",
                    "samples": []
                },
                {
                    "name": "AMAZON.SearchAction<object@WeatherForecast[weatherCondition]>",
                    "samples": []
                },
                {
                    "name": "AMAZON.StopIntent",
                    "samples": []
                },
                {
                    "name": "fact",
                    "slots": [],
                    "samples": [
                        "Give me a fact",
                        "Tell me a fact",
                        "Tell me something",
                        "Tell me a space fact"
                    ]
                },
                {
                    "name": "greetings",
                    "slots": [],
                    "samples": [
                        "hello newton",
                        "hi newton"
                    ]
                }
            ],
            "types": []
        }
    }
}