{
    "interactionModel": {
        "languageModel": {
            "invocationName": "newto",
            "intents": [
                {
                    "name": "AMAZON.CancelIntent",
                    "samples": []
                },
                {
                    "name": "AMAZON.HelpIntent",
                    "samples": []
                },
                {
                    "name": "AMAZON.StopIntent",
                    "samples": []
                },
                {
                    "name": "vitals",
                    "slots": [],
                    "samples": [
                        "tell me my vitals",
                        "vitals please",
                        "tell me my vital parameters"
                    ]
                }
            ],
            "types": []
        }
    }
}