{
    "interactionModel": {
        "languageModel": {
            "invocationName": "diabetes interaction",
            "intents": [
                {
                    "name": "AMAZON.CancelIntent",
                    "samples": [
                        "cancel it"
                    ]
                },
                {
                    "name": "AMAZON.HelpIntent",
                    "samples": [
                        "hint",
                        "help me",
                        "help"
                    ]
                },
                {
                    "name": "AMAZON.StopIntent",
                    "samples": [
                        "bye",
                        "end",
                        "stop"
                    ]
                },
                {
                    "name": "Negative",
                    "slots": [],
                    "samples": [
                        "not slept",
                        "i did not",
                        "i didnt ",
                        "somewhat",
                        "partially",
                        "forgotten",
                        "forget",
                        "doubt",
                        "envy",
                        "Disgust",
                        "sad",
                        "not",
                        "no",
                        "unwell",
                        "worst",
                        "bad",
                        "Not good",
                        "Not well"
                    ]
                },
                {
                    "name": "Positive",
                    "slots": [],
                    "samples": [
                        "i did",
                        "fine",
                        "good",
                        "okay",
                        "ok",
                        "Have a great day",
                        "love it",
                        "cool",
                        "thank you",
                        "thank",
                        "thanks",
                        "maybe",
                        "definitely",
                        "Absolutely",
                        "perfect",
                        "yaa",
                        "sure",
                        "yes",
                        "great",
                        "That would be great"
                    ]
                },
                {
                    "name": "MedicineTime",
                    "slots": [
                        {
                            "name": "timelimit",
                            "type": "AMAZON.TIME"
                        },
                        {
                            "name": "datelimit",
                            "type": "AMAZON.DATE"
                        }
                    ],
                    "samples": [
                        "{datelimit}",
                        "{timelimit}",
                        "i did not",
                        "i am not sure",
                        "i dont know",
                        "i do not know",
                        "before dinner",
                        "last night before dinner",
                        "Yes probably around",
                        "no",
                        "take",
                        "took",
                        "taken",
                        "yes",
                        "probably",
                        "around "
                    ]
                },
                {
                    "name": "QuoteDetails",
                    "slots": [],
                    "samples": [
                        "what is this",
                        "who was the auther",
                        "Who said that"
                    ]
                },
                {
                    "name": "Insulin",
                    "slots": [],
                    "samples": [
                        "my glucose",
                        "I have not been checking my glucose as I should",
                        "not checking my glucose",
                        "not been checking my glucose",
                        "I have not been checking my glucose as good as I should",
                        "glucose "
                    ]
                },
                {
                    "name": "getQuotes",
                    "slots": [],
                    "samples": [
                        "good day",
                        "nice day",
                        "great day",
                        "quotes",
                        "any quote",
                        "say me some quote",
                        "quote",
                        "tell me a quote",
                        "have a nice day"
                    ]
                },
                {
                    "name": "PauseIntent",
                    "slots": [],
                    "samples": [
                        "just a second",
                        "let me take some time",
                        "i think",
                        "wait",
                        "hold on",
                        "let me think"
                    ]
                }
            ],
            "types": []
        }
    }
}