{
	"info": {
		"name": "Medical Reports API",
		"_postman_id": "61f395d8-0c09-d106-fb01-f7dce0a759d5",
		"description": "",
		"schema": "https://schema.getpostman.com/json/collection/v2.1.0/collection.json"
	},
	"item": [
		{
			"name": "Login",
			"event": [
				{
					"listen": "test",
					"script": {
						"type": "text/javascript",
						"exec": [
							"const result = pm.response.json();",
							"// Set token if the login is successful",
							"if (result.token) {",
							"    pm.environment.set(\"TOKEN\", result.token);",
							"}"
						]
					}
				}
			],
			"request": {
				"method": "POST",
				"header": [
					{
						"key": "Content-Type",
						"value": "application/json"
					}
				],
				"body": {
					"mode": "raw",
					"raw": "{\n\t\"username\": \"doctor\",\n\t\"password\": \"123456\"\n}"
				},
				"url": {
					"raw": "{{API_URL}}/login",
					"host": [
						"{{API_URL}}"
					],
					"path": [
						"login"
					]
				},
				"description": "Login using username and password"
			},
			"response": []
		},
		{
			"name": "Get All Healthrecords",
			"request": {
				"method": "GET",
				"header": [
					{
						"key": "Authorization",
						"value": "Bearer {{TOKEN}}"
					}
				],
				"body": {},
				"url": {
					"raw": "{{API_URL}}/healthrecords",
					"host": [
						"{{API_URL}}"
					],
					"path": [
						"healthrecords"
					]
				},
				"description": "Get all healthrecords"
			},
			"response": []
		},
		{
			"name": "Search using Keywords",
			"request": {
				"method": "GET",
				"header": [
					{
						"key": "Authorization",
						"value": "Bearer {{TOKEN}}"
					}
				],
				"body": {},
				"url": {
					"raw": "{{API_URL}}/healthrecords/search?generic=No interactions",
					"host": [
						"{{API_URL}}"
					],
					"path": [
						"healthrecords",
						"search"
					],
					"query": [
						{
							"key": "generic",
							"value": "No interactions",
							"equals": true
						}
					]
				},
				"description": ""
			},
			"response": []
		},
		{
			"name": "Delete all health records",
			"request": {
				"method": "POST",
				"header": [
					{
						"key": "Authorization",
						"value": "Bearer {{TOKEN}}"
					}
				],
				"body": {},
				"url": {
					"raw": "{{API_URL}}/deleteAll",
					"host": [
						"{{API_URL}}"
					],
					"path": [
						"deleteAll"
					]
				},
				"description": ""
			},
			"response": []
		}
	]
}