{
  "id": "c63b8d82-0099-1c23-df12-e0d3c3bfccb7",
  "name": "Medical Reports API",
  "values": [
    {
      "enabled": true,
      "key": "API_URL",
      "value": "https://medicalreportsapi.herokuapp.com/api/v1",
      "type": "text"
    },
    {
      "enabled": true,
      "key": "TOKEN",
      "value": "eyJhbGciOiJIUzI1NiIsInR5cCI6IkpXVCJ9.eyJ1c2VybmFtZSI6ImRvY3RvciIsInVzZXJUeXBlIjoidXNlciIsImlhdCI6MTUyNTQyNzI1MiwiZXhwIjoxNTI4MDE5MjUyLCJhdWQiOiJ0ZXN0aW5nIn0.Vdm389MBvLvARN01ujBh3MDzHdZiIHUC7S2HBT2dmiU",
      "type": "text"
    }
  ],
  "timestamp": 1525427252987,
  "_postman_variable_scope": "environment",
  "_postman_exported_at": "2018-05-04T09:58:06.592Z",
  "_postman_exported_using": "Postman/5.3.2"
}